{
  "customer_data": [
    {
      "address_1": "123 Fake Street",
      "address_2": "Suite 1",
      "city": "Santa Cruz",
      "contact_list": [
        {
          "active": true,
          "email": "BobTest@example.com",
          "first_name": "Bob",
          "last_name": "Belcher",
          "mobile_phone": "555-555-5555",
          "notes": "The big cheese.",
          "office_phone": "555-555-5555",
          "title": "CeO"
        }
      ],
      "customer_type": "Private",
      "identifier": "BoB",
      "industry": "Basic Chemicals",
      "name": "Bobs Burgers",
      "sector": "Chemical",
      "state": "California",
      "zip_code": "12345"
    },
    {
      "address_1": "321 Test Avenue",
      "address_2": "Suite 1",
      "city": "Idaho Falls",
      "contact_list": [
        {
          "active": true,
          "email": "Wayne@example.com",
          "first_name": "Wayne",
          "last_name": "Gretzky",
          "mobile_phone": "555-555-5555",
          "notes": "Legend",
          "office_phone": "555-555-5555",
          "title": "The best"
        }
      ],
      "customer_type": "Private",
      "identifier": "NHL",
      "industry": "Other",
      "name": "The Ice Rink",
      "sector": "Energy",
      "state": "Idaho",
      "zip_code": "12345"
    }
  ],
  "dhs_contacts_data": [
    {
      "active": true,
      "email": "user@example.com",
      "first_name": "Rand",
      "last_name": "Al'Thor",
      "mobile_phone": "555-555-5555",
      "notes": "string",
      "office_phone": "555-555-5555",
      "title": "string"
    },
    {
      "active": true,
      "email": "user@example.com",
      "first_name": "Mat",
      "last_name": "Cauthon",
      "mobile_phone": "555-555-5555",
      "notes": "string",
      "office_phone": "555-555-5555",
      "title": "string"
    }
  ],
  "recommendations_data": [
    {
      "appearance": {
        "grammar": 1,
        "link_domain": 0,
        "logo_graphics": 0
      },
      "behavior": {
        "curiosity": 1,
        "duty_obligation": 0,
        "fear": 0,
        "greed": 1
      },
      "complexity": 1,
      "deception_level": 1,
      "description": "Recommendation with deception level of 1",
      "name": "Recommendation 1",
      "relevancy": {
        "organization": 1,
        "public_news": 0
      },
      "sender": {
        "authoritative": 0,
        "external": 1,
        "internal": 0
      }
    },
    {
      "appearance": {
        "grammar": 1,
        "link_domain": 0,
        "logo_graphics": 0
      },
      "behavior": {
        "curiosity": 1,
        "duty_obligation": 0,
        "fear": 0,
        "greed": 1
      },
      "complexity": 1,
      "deception_level": 2,
      "description": "Recommendation with deception level of 2",
      "name": "Recommendation 2",
      "relevancy": {
        "organization": 1,
        "public_news": 0
      },
      "sender": {
        "authoritative": 0,
        "external": 1,
        "internal": 0
      }
    },
    {
      "appearance": {
        "grammar": 1,
        "link_domain": 0,
        "logo_graphics": 0
      },
      "behavior": {
        "curiosity": 1,
        "duty_obligation": 0,
        "fear": 0,
        "greed": 1
      },
      "complexity": 3,
      "deception_level": 3,
      "description": "Recommendation with deception level of 3",
      "name": "Recommendation 3",
      "relevancy": {
        "organization": 1,
        "public_news": 0
      },
      "sender": {
        "authoritative": 0,
        "external": 1,
        "internal": 0
      }
    },
    {
      "appearance": {
        "grammar": 1,
        "link_domain": 0,
        "logo_graphics": 0
      },
      "behavior": {
        "curiosity": 1,
        "duty_obligation": 0,
        "fear": 0,
        "greed": 1
      },
      "complexity": 1,
      "deception_level": 1,
      "description": "Recommendation with deception level of 1",
      "name": "Recommendation 4",
      "relevancy": {
        "organization": 1,
        "public_news": 0
      },
      "sender": {
        "authoritative": 0,
        "external": 1,
        "internal": 0
      }
    }
  ],
  "subscription_data": [
    {
      "active": true,
      "customer_uuid": "changeme",
      "dhs_contact_uuid": "changeme",
      "gophish_campaign_list": [],
      "keywords": "research development government work job",
      "name": "changeme1",
      "primary_contact": {
        "active": true,
        "email": "Matt.Daemon@example.com",
        "first_name": "Matt",
        "last_name": "Daemon",
        "mobile_phone": "555-555-5555",
        "office_phone": "555-555-5555"
      },
      "sending_profile_name": "SMTP",
      "start_date": "2020-04-10T09:30:25",
      "status": "  Waiting on SRF",
      "target_email_list": [
        {
          "email": "Bat.Man@example.com",
          "first_name": "Bat",
          "last_name": "Man",
          "position": "admin"
        },
        {
          "email": "Ben.Aflex@example.com",
          "first_name": "Ben",
          "last_name": "Aflex",
          "position": "admin"
        },
        {
          "email": "David.Young@example.com",
          "first_name": "David",
          "last_name": "Young",
          "position": "intern"
        },
        {
          "email": "George.Clooney@example.com",
          "first_name": "George",
          "last_name": "Clooney",
          "position": "intern"
        },
        {
          "email": "Jane.Doe@example.com",
          "first_name": "Jane",
          "last_name": "Doe",
          "position": "intern"
        },
        {
          "email": "Jane.Moore@example.com",
          "first_name": "Jane",
          "last_name": "Moore",
          "position": "manager"
        },
        {
          "email": "John.Smith@example.com",
          "first_name": "John",
          "last_name": "Smith",
          "position": "manager"
        }
      ],
      "templates_selected_uuid_list": [],
      "url": "https://inl.gov"
    },
    {
      "active": true,
      "customer_uuid": "changeme",
      "dhs_contact_uuid": "changeme",
      "gophish_campaign_list": [],
      "keywords": "search query google",
      "name": "changme2",
      "primary_contact": {
        "active": true,
        "email": "foo.bar@example.com",
        "first_name": "foo",
        "last_name": "bar",
        "mobile_phone": "555-555-5555",
        "office_phone": "555-555-5555"
      },
      "sending_profile_name": "SMTP",
      "start_date": "2021-03-10T09:30:25",
      "status": "Waiting on SRF",
      "target_email_list": [
        {
          "email": "Spider.Man@example.com",
          "first_name": "Spider",
          "last_name": "Man",
          "position": "admin"
        },
        {
          "email": "Ben.Aflex@example.com",
          "first_name": "Ben",
          "last_name": "Aflex",
          "position": "admin"
        },
        {
          "email": "David.Young@example.com",
          "first_name": "David",
          "last_name": "Young",
          "position": "intern"
        },
        {
          "email": "George.Clooney@example.com",
          "first_name": "George",
          "last_name": "Clooney",
          "position": "intern"
        },
        {
          "email": "Jane.Doe@example.com",
          "first_name": "Jane",
          "last_name": "Doe",
          "position": "intern"
        },
        {
          "email": "Jane.Moore@example.com",
          "first_name": "Jane",
          "last_name": "Moore",
          "position": "manager"
        },
        {
          "email": "John.Smith@example.com",
          "first_name": "John",
          "last_name": "Smith",
          "position": "manager"
        }
      ],
      "templates_selected_uuid_list": [],
      "url": "https://google.com"
    }
  ]
}
