{
  "customer_data": [
    {
      "address_1": "456 Test Blvd",
      "address_2": "Suite 3",
      "city": "Boise",
      "contact_list": [
        {
          "active": true,
          "email": "ChemBasicone@example.com",
          "first_name": "ChemONE",
          "last_name": "Basic",
          "mobile_phone": "555-555-5555",
          "notes": "Chem-Basic",
          "office_phone": "555-555-5555",
          "title": "chem-basic"
        }
      ],
      "customer_type": "Private",
      "identifier": "P-Chem-B-ONE",
      "industry": "Basic Chemicals",
      "name": "Priv-Chem-BasicONE-Customer",
      "sector": "Chemical",
      "state": "Idaho",
      "zip_code": "12345"
    },
    {
      "address_1": "456 Test Blvd",
      "address_2": "Suite 3",
      "city": "Boise",
      "contact_list": [
        {
          "active": true,
          "email": "ChemBasic@example.com",
          "first_name": "ChemTWO",
          "last_name": "Basic",
          "mobile_phone": "555-555-5555",
          "notes": "Chem-Basic",
          "office_phone": "555-555-5555",
          "title": "chem-basic"
        }
      ],
      "customer_type": "Private",
      "identifier": "P-Chem-B-TWO",
      "industry": "Basic Chemicals",
      "name": "Priv-Chem-BasicTWO-Customer",
      "sector": "Chemical",
      "state": "Idaho",
      "zip_code": "12345"
    },
    {
      "address_1": "123 Test Street",
      "address_2": "Suite 2",
      "city": "Twin Falls",
      "contact_list": [
        {
          "active": true,
          "email": "ChemSpecialtyProd@example.com",
          "first_name": "Chem",
          "last_name": "Specialist",
          "mobile_phone": "555-555-5555",
          "notes": "Chem-Spec",
          "office_phone": "555-555-5555",
          "title": "chem-spec"
        }
      ],
      "customer_type": "Private",
      "identifier": "P-Chem-S",
      "industry": "Specialty Products",
      "name": "Priv-Chem-Spec-Customer",
      "sector": "Chemical",
      "state": "Idaho",
      "zip_code": "12345"
    },
    {
      "address_1": "111 Test Lane",
      "address_2": "Suite 6",
      "city": "Lewiston",
      "contact_list": [
        {
          "active": true,
          "email": "GovState@example.com",
          "first_name": "Gov",
          "last_name": "State",
          "mobile_phone": "555-555-5555",
          "notes": "Gov-State",
          "office_phone": "555-555-5555",
          "title": "Gov-State"
        }
      ],
      "customer_type": "State",
      "identifier": "Gov-S",
      "name": "GOV-STATE-Customer",
      "state": "Idaho",
      "zip_code": "12345"
    },
    {
      "address_1": "111 Test Lane",
      "address_2": "Suite 6",
      "city": "Lewiston",
      "contact_list": [
        {
          "active": true,
          "email": "GovFED@example.com",
          "first_name": "Gov",
          "last_name": "FED",
          "mobile_phone": "555-555-5555",
          "notes": "Gov-FED",
          "office_phone": "555-555-5555",
          "title": "Gov-FED"
        }
      ],
      "customer_type": "FED",
      "identifier": "Gov-F",
      "name": "GOV-FED-Customer",
      "state": "Idaho",
      "zip_code": "12345"
    }
  ],
  "dhs_contacts_data": [
    {
      "active": true,
      "email": "reporting@Contact.com",
      "first_name": "Reporting",
      "last_name": "Contact",
      "mobile_phone": "555-555-5555",
      "notes": "string",
      "office_phone": "555-555-5555",
      "title": "string"
    }
  ],
  "subscription_data": [
    {
      "active": true,
      "customer_uuid": "changeme",
      "dhs_contact_uuid": "changeme",
      "gophish_campaign_list": [],
      "keywords": "Serach terms keywords identifier",
      "name": "changme2",
      "primary_contact": {
        "active": true,
        "email": "ChemSpecialtyProd@example.com",
        "first_name": "Chem",
        "last_name": "Specialist",
        "mobile_phone": "555-555-5555",
        "notes": "Chem-Spec",
        "office_phone": "555-555-5555",
        "title": "chem-spec"
      },
      "sending_profile_name": "REPORTING",
      "start_date": "2021-03-10T09:30:25",
      "status": "Waiting on SRF",
      "target_domain": "@example.com",
      "target_email_list": [
        {
          "email": "Email.Test0@example.com",
          "first_name": "fName-0",
          "last_name": "lName-0",
          "position": "manager"
        },
        {
          "email": "Email.Test1@example.com",
          "first_name": "fName-1",
          "last_name": "lName-1",
          "position": "manager"
        },
        {
          "email": "Email.Test2@example.com",
          "first_name": "fName-2",
          "last_name": "lName-2",
          "position": "manager"
        },
        {
          "email": "Email.Test3@example.com",
          "first_name": "fName-3",
          "last_name": "lName-3",
          "position": "manager"
        },
        {
          "email": "Email.Test4@example.com",
          "first_name": "fName-4",
          "last_name": "lName-4",
          "position": "manager"
        },
        {
          "email": "Email.Test5@example.com",
          "first_name": "fName-5",
          "last_name": "lName-5",
          "position": "manager"
        },
        {
          "email": "Email.Test6@example.com",
          "first_name": "fName-6",
          "last_name": "lName-6",
          "position": "manager"
        },
        {
          "email": "Email.Test7@example.com",
          "first_name": "fName-7",
          "last_name": "lName-7",
          "position": "manager"
        },
        {
          "email": "Email.Test8@example.com",
          "first_name": "fName-8",
          "last_name": "lName-8",
          "position": "manager"
        },
        {
          "email": "Email.Test9@example.com",
          "first_name": "fName-9",
          "last_name": "lName-9",
          "position": "manager"
        },
        {
          "email": "Email.Test10@example.com",
          "first_name": "fName-10",
          "last_name": "lName-10",
          "position": "manager"
        },
        {
          "email": "Email.Test11@example.com",
          "first_name": "fName-11",
          "last_name": "lName-11",
          "position": "manager"
        },
        {
          "email": "Email.Test12@example.com",
          "first_name": "fName-12",
          "last_name": "lName-12",
          "position": "manager"
        },
        {
          "email": "Email.Test13@example.com",
          "first_name": "fName-13",
          "last_name": "lName-13",
          "position": "manager"
        },
        {
          "email": "Email.Test14@example.com",
          "first_name": "fName-14",
          "last_name": "lName-14",
          "position": "manager"
        },
        {
          "email": "Email.Test15@example.com",
          "first_name": "fName-15",
          "last_name": "lName-15",
          "position": "manager"
        },
        {
          "email": "Email.Test16@example.com",
          "first_name": "fName-16",
          "last_name": "lName-16",
          "position": "manager"
        },
        {
          "email": "Email.Test17@example.com",
          "first_name": "fName-17",
          "last_name": "lName-17",
          "position": "manager"
        },
        {
          "email": "Email.Test18@example.com",
          "first_name": "fName-18",
          "last_name": "lName-18",
          "position": "manager"
        },
        {
          "email": "Email.Test19@example.com",
          "first_name": "fName-19",
          "last_name": "lName-19",
          "position": "manager"
        },
        {
          "email": "Email.Test20@example.com",
          "first_name": "fName-20",
          "last_name": "lName-20",
          "position": "manager"
        },
        {
          "email": "Email.Test21@example.com",
          "first_name": "fName-21",
          "last_name": "lName-21",
          "position": "manager"
        },
        {
          "email": "Email.Test22@example.com",
          "first_name": "fName-22",
          "last_name": "lName-22",
          "position": "manager"
        },
        {
          "email": "Email.Test23@example.com",
          "first_name": "fName-23",
          "last_name": "lName-23",
          "position": "manager"
        },
        {
          "email": "Email.Test24@example.com",
          "first_name": "fName-24",
          "last_name": "lName-24",
          "position": "manager"
        },
        {
          "email": "Email.Test25@example.com",
          "first_name": "fName-25",
          "last_name": "lName-25",
          "position": "manager"
        },
        {
          "email": "Email.Test26@example.com",
          "first_name": "fName-26",
          "last_name": "lName-26",
          "position": "manager"
        },
        {
          "email": "Email.Test27@example.com",
          "first_name": "fName-27",
          "last_name": "lName-27",
          "position": "manager"
        },
        {
          "email": "Email.Test28@example.com",
          "first_name": "fName-28",
          "last_name": "lName-28",
          "position": "manager"
        },
        {
          "email": "Email.Test29@example.com",
          "first_name": "fName-29",
          "last_name": "lName-29",
          "position": "manager"
        },
        {
          "email": "Email.Test30@example.com",
          "first_name": "fName-30",
          "last_name": "lName-30",
          "position": "manager"
        },
        {
          "email": "Email.Test31@example.com",
          "first_name": "fName-31",
          "last_name": "lName-31",
          "position": "manager"
        },
        {
          "email": "Email.Test32@example.com",
          "first_name": "fName-32",
          "last_name": "lName-32",
          "position": "manager"
        },
        {
          "email": "Email.Test33@example.com",
          "first_name": "fName-33",
          "last_name": "lName-33",
          "position": "manager"
        },
        {
          "email": "Email.Test34@example.com",
          "first_name": "fName-34",
          "last_name": "lName-34",
          "position": "manager"
        },
        {
          "email": "Email.Test35@example.com",
          "first_name": "fName-35",
          "last_name": "lName-35",
          "position": "manager"
        },
        {
          "email": "Email.Test36@example.com",
          "first_name": "fName-36",
          "last_name": "lName-36",
          "position": "manager"
        },
        {
          "email": "Email.Test37@example.com",
          "first_name": "fName-37",
          "last_name": "lName-37",
          "position": "manager"
        },
        {
          "email": "Email.Test38@example.com",
          "first_name": "fName-38",
          "last_name": "lName-38",
          "position": "manager"
        },
        {
          "email": "Email.Test39@example.com",
          "first_name": "fName-39",
          "last_name": "lName-39",
          "position": "manager"
        },
        {
          "email": "Email.Test40@example.com",
          "first_name": "fName-40",
          "last_name": "lName-40",
          "position": "manager"
        },
        {
          "email": "Email.Test41@example.com",
          "first_name": "fName-41",
          "last_name": "lName-41",
          "position": "manager"
        },
        {
          "email": "Email.Test42@example.com",
          "first_name": "fName-42",
          "last_name": "lName-42",
          "position": "manager"
        },
        {
          "email": "Email.Test43@example.com",
          "first_name": "fName-43",
          "last_name": "lName-43",
          "position": "manager"
        },
        {
          "email": "Email.Test44@example.com",
          "first_name": "fName-44",
          "last_name": "lName-44",
          "position": "manager"
        },
        {
          "email": "Email.Test45@example.com",
          "first_name": "fName-45",
          "last_name": "lName-45",
          "position": "manager"
        },
        {
          "email": "Email.Test46@example.com",
          "first_name": "fName-46",
          "last_name": "lName-46",
          "position": "manager"
        },
        {
          "email": "Email.Test47@example.com",
          "first_name": "fName-47",
          "last_name": "lName-47",
          "position": "manager"
        },
        {
          "email": "Email.Test48@example.com",
          "first_name": "fName-48",
          "last_name": "lName-48",
          "position": "manager"
        },
        {
          "email": "Email.Test49@example.com",
          "first_name": "fName-49",
          "last_name": "lName-49",
          "position": "manager"
        },
        {
          "email": "Email.Test50@example.com",
          "first_name": "fName-50",
          "last_name": "lName-50",
          "position": "manager"
        },
        {
          "email": "Email.Test51@example.com",
          "first_name": "fName-51",
          "last_name": "lName-51",
          "position": "manager"
        },
        {
          "email": "Email.Test52@example.com",
          "first_name": "fName-52",
          "last_name": "lName-52",
          "position": "manager"
        },
        {
          "email": "Email.Test53@example.com",
          "first_name": "fName-53",
          "last_name": "lName-53",
          "position": "manager"
        },
        {
          "email": "Email.Test54@example.com",
          "first_name": "fName-54",
          "last_name": "lName-54",
          "position": "manager"
        },
        {
          "email": "Email.Test55@example.com",
          "first_name": "fName-55",
          "last_name": "lName-55",
          "position": "manager"
        },
        {
          "email": "Email.Test56@example.com",
          "first_name": "fName-56",
          "last_name": "lName-56",
          "position": "manager"
        },
        {
          "email": "Email.Test57@example.com",
          "first_name": "fName-57",
          "last_name": "lName-57",
          "position": "manager"
        },
        {
          "email": "Email.Test58@example.com",
          "first_name": "fName-58",
          "last_name": "lName-58",
          "position": "manager"
        },
        {
          "email": "Email.Test59@example.com",
          "first_name": "fName-59",
          "last_name": "lName-59",
          "position": "manager"
        },
        {
          "email": "Email.Test60@example.com",
          "first_name": "fName-60",
          "last_name": "lName-60",
          "position": "manager"
        },
        {
          "email": "Email.Test61@example.com",
          "first_name": "fName-61",
          "last_name": "lName-61",
          "position": "manager"
        },
        {
          "email": "Email.Test62@example.com",
          "first_name": "fName-62",
          "last_name": "lName-62",
          "position": "manager"
        },
        {
          "email": "Email.Test63@example.com",
          "first_name": "fName-63",
          "last_name": "lName-63",
          "position": "manager"
        },
        {
          "email": "Email.Test64@example.com",
          "first_name": "fName-64",
          "last_name": "lName-64",
          "position": "manager"
        },
        {
          "email": "Email.Test65@example.com",
          "first_name": "fName-65",
          "last_name": "lName-65",
          "position": "manager"
        },
        {
          "email": "Email.Test66@example.com",
          "first_name": "fName-66",
          "last_name": "lName-66",
          "position": "manager"
        },
        {
          "email": "Email.Test67@example.com",
          "first_name": "fName-67",
          "last_name": "lName-67",
          "position": "manager"
        },
        {
          "email": "Email.Test68@example.com",
          "first_name": "fName-68",
          "last_name": "lName-68",
          "position": "manager"
        },
        {
          "email": "Email.Test69@example.com",
          "first_name": "fName-69",
          "last_name": "lName-69",
          "position": "manager"
        },
        {
          "email": "Email.Test70@example.com",
          "first_name": "fName-70",
          "last_name": "lName-70",
          "position": "manager"
        },
        {
          "email": "Email.Test71@example.com",
          "first_name": "fName-71",
          "last_name": "lName-71",
          "position": "manager"
        },
        {
          "email": "Email.Test72@example.com",
          "first_name": "fName-72",
          "last_name": "lName-72",
          "position": "manager"
        },
        {
          "email": "Email.Test73@example.com",
          "first_name": "fName-73",
          "last_name": "lName-73",
          "position": "manager"
        },
        {
          "email": "Email.Test74@example.com",
          "first_name": "fName-74",
          "last_name": "lName-74",
          "position": "manager"
        },
        {
          "email": "Email.Test75@example.com",
          "first_name": "fName-75",
          "last_name": "lName-75",
          "position": "manager"
        },
        {
          "email": "Email.Test76@example.com",
          "first_name": "fName-76",
          "last_name": "lName-76",
          "position": "manager"
        },
        {
          "email": "Email.Test77@example.com",
          "first_name": "fName-77",
          "last_name": "lName-77",
          "position": "manager"
        },
        {
          "email": "Email.Test78@example.com",
          "first_name": "fName-78",
          "last_name": "lName-78",
          "position": "manager"
        },
        {
          "email": "Email.Test79@example.com",
          "first_name": "fName-79",
          "last_name": "lName-79",
          "position": "manager"
        },
        {
          "email": "Email.Test80@example.com",
          "first_name": "fName-80",
          "last_name": "lName-80",
          "position": "manager"
        },
        {
          "email": "Email.Test81@example.com",
          "first_name": "fName-81",
          "last_name": "lName-81",
          "position": "manager"
        },
        {
          "email": "Email.Test82@example.com",
          "first_name": "fName-82",
          "last_name": "lName-82",
          "position": "manager"
        },
        {
          "email": "Email.Test83@example.com",
          "first_name": "fName-83",
          "last_name": "lName-83",
          "position": "manager"
        },
        {
          "email": "Email.Test84@example.com",
          "first_name": "fName-84",
          "last_name": "lName-84",
          "position": "manager"
        },
        {
          "email": "Email.Test85@example.com",
          "first_name": "fName-85",
          "last_name": "lName-85",
          "position": "manager"
        },
        {
          "email": "Email.Test86@example.com",
          "first_name": "fName-86",
          "last_name": "lName-86",
          "position": "manager"
        },
        {
          "email": "Email.Test87@example.com",
          "first_name": "fName-87",
          "last_name": "lName-87",
          "position": "manager"
        },
        {
          "email": "Email.Test88@example.com",
          "first_name": "fName-88",
          "last_name": "lName-88",
          "position": "manager"
        },
        {
          "email": "Email.Test89@example.com",
          "first_name": "fName-89",
          "last_name": "lName-89",
          "position": "manager"
        },
        {
          "email": "Email.Test90@example.com",
          "first_name": "fName-90",
          "last_name": "lName-90",
          "position": "manager"
        },
        {
          "email": "Email.Test91@example.com",
          "first_name": "fName-91",
          "last_name": "lName-91",
          "position": "manager"
        },
        {
          "email": "Email.Test92@example.com",
          "first_name": "fName-92",
          "last_name": "lName-92",
          "position": "manager"
        },
        {
          "email": "Email.Test93@example.com",
          "first_name": "fName-93",
          "last_name": "lName-93",
          "position": "manager"
        },
        {
          "email": "Email.Test94@example.com",
          "first_name": "fName-94",
          "last_name": "lName-94",
          "position": "manager"
        },
        {
          "email": "Email.Test95@example.com",
          "first_name": "fName-95",
          "last_name": "lName-95",
          "position": "manager"
        },
        {
          "email": "Email.Test96@example.com",
          "first_name": "fName-96",
          "last_name": "lName-96",
          "position": "manager"
        },
        {
          "email": "Email.Test97@example.com",
          "first_name": "fName-97",
          "last_name": "lName-97",
          "position": "manager"
        },
        {
          "email": "Email.Test98@example.com",
          "first_name": "fName-98",
          "last_name": "lName-98",
          "position": "manager"
        },
        {
          "email": "Email.Test99@example.com",
          "first_name": "fName-99",
          "last_name": "lName-99",
          "position": "manager"
        }
      ],
      "target_email_list_cached_copy": [
        {
          "email": "Email.Test0@example.com",
          "first_name": "fName-0",
          "last_name": "lName-0",
          "position": "manager"
        },
        {
          "email": "Email.Test1@example.com",
          "first_name": "fName-1",
          "last_name": "lName-1",
          "position": "manager"
        },
        {
          "email": "Email.Test2@example.com",
          "first_name": "fName-2",
          "last_name": "lName-2",
          "position": "manager"
        },
        {
          "email": "Email.Test3@example.com",
          "first_name": "fName-3",
          "last_name": "lName-3",
          "position": "manager"
        },
        {
          "email": "Email.Test4@example.com",
          "first_name": "fName-4",
          "last_name": "lName-4",
          "position": "manager"
        },
        {
          "email": "Email.Test5@example.com",
          "first_name": "fName-5",
          "last_name": "lName-5",
          "position": "manager"
        },
        {
          "email": "Email.Test6@example.com",
          "first_name": "fName-6",
          "last_name": "lName-6",
          "position": "manager"
        },
        {
          "email": "Email.Test7@example.com",
          "first_name": "fName-7",
          "last_name": "lName-7",
          "position": "manager"
        },
        {
          "email": "Email.Test8@example.com",
          "first_name": "fName-8",
          "last_name": "lName-8",
          "position": "manager"
        },
        {
          "email": "Email.Test9@example.com",
          "first_name": "fName-9",
          "last_name": "lName-9",
          "position": "manager"
        },
        {
          "email": "Email.Test10@example.com",
          "first_name": "fName-10",
          "last_name": "lName-10",
          "position": "manager"
        },
        {
          "email": "Email.Test11@example.com",
          "first_name": "fName-11",
          "last_name": "lName-11",
          "position": "manager"
        },
        {
          "email": "Email.Test12@example.com",
          "first_name": "fName-12",
          "last_name": "lName-12",
          "position": "manager"
        },
        {
          "email": "Email.Test13@example.com",
          "first_name": "fName-13",
          "last_name": "lName-13",
          "position": "manager"
        },
        {
          "email": "Email.Test14@example.com",
          "first_name": "fName-14",
          "last_name": "lName-14",
          "position": "manager"
        },
        {
          "email": "Email.Test15@example.com",
          "first_name": "fName-15",
          "last_name": "lName-15",
          "position": "manager"
        },
        {
          "email": "Email.Test16@example.com",
          "first_name": "fName-16",
          "last_name": "lName-16",
          "position": "manager"
        },
        {
          "email": "Email.Test17@example.com",
          "first_name": "fName-17",
          "last_name": "lName-17",
          "position": "manager"
        },
        {
          "email": "Email.Test18@example.com",
          "first_name": "fName-18",
          "last_name": "lName-18",
          "position": "manager"
        },
        {
          "email": "Email.Test19@example.com",
          "first_name": "fName-19",
          "last_name": "lName-19",
          "position": "manager"
        },
        {
          "email": "Email.Test20@example.com",
          "first_name": "fName-20",
          "last_name": "lName-20",
          "position": "manager"
        },
        {
          "email": "Email.Test21@example.com",
          "first_name": "fName-21",
          "last_name": "lName-21",
          "position": "manager"
        },
        {
          "email": "Email.Test22@example.com",
          "first_name": "fName-22",
          "last_name": "lName-22",
          "position": "manager"
        },
        {
          "email": "Email.Test23@example.com",
          "first_name": "fName-23",
          "last_name": "lName-23",
          "position": "manager"
        },
        {
          "email": "Email.Test24@example.com",
          "first_name": "fName-24",
          "last_name": "lName-24",
          "position": "manager"
        },
        {
          "email": "Email.Test25@example.com",
          "first_name": "fName-25",
          "last_name": "lName-25",
          "position": "manager"
        },
        {
          "email": "Email.Test26@example.com",
          "first_name": "fName-26",
          "last_name": "lName-26",
          "position": "manager"
        },
        {
          "email": "Email.Test27@example.com",
          "first_name": "fName-27",
          "last_name": "lName-27",
          "position": "manager"
        },
        {
          "email": "Email.Test28@example.com",
          "first_name": "fName-28",
          "last_name": "lName-28",
          "position": "manager"
        },
        {
          "email": "Email.Test29@example.com",
          "first_name": "fName-29",
          "last_name": "lName-29",
          "position": "manager"
        },
        {
          "email": "Email.Test30@example.com",
          "first_name": "fName-30",
          "last_name": "lName-30",
          "position": "manager"
        },
        {
          "email": "Email.Test31@example.com",
          "first_name": "fName-31",
          "last_name": "lName-31",
          "position": "manager"
        },
        {
          "email": "Email.Test32@example.com",
          "first_name": "fName-32",
          "last_name": "lName-32",
          "position": "manager"
        },
        {
          "email": "Email.Test33@example.com",
          "first_name": "fName-33",
          "last_name": "lName-33",
          "position": "manager"
        },
        {
          "email": "Email.Test34@example.com",
          "first_name": "fName-34",
          "last_name": "lName-34",
          "position": "manager"
        },
        {
          "email": "Email.Test35@example.com",
          "first_name": "fName-35",
          "last_name": "lName-35",
          "position": "manager"
        },
        {
          "email": "Email.Test36@example.com",
          "first_name": "fName-36",
          "last_name": "lName-36",
          "position": "manager"
        },
        {
          "email": "Email.Test37@example.com",
          "first_name": "fName-37",
          "last_name": "lName-37",
          "position": "manager"
        },
        {
          "email": "Email.Test38@example.com",
          "first_name": "fName-38",
          "last_name": "lName-38",
          "position": "manager"
        },
        {
          "email": "Email.Test39@example.com",
          "first_name": "fName-39",
          "last_name": "lName-39",
          "position": "manager"
        },
        {
          "email": "Email.Test40@example.com",
          "first_name": "fName-40",
          "last_name": "lName-40",
          "position": "manager"
        },
        {
          "email": "Email.Test41@example.com",
          "first_name": "fName-41",
          "last_name": "lName-41",
          "position": "manager"
        },
        {
          "email": "Email.Test42@example.com",
          "first_name": "fName-42",
          "last_name": "lName-42",
          "position": "manager"
        },
        {
          "email": "Email.Test43@example.com",
          "first_name": "fName-43",
          "last_name": "lName-43",
          "position": "manager"
        },
        {
          "email": "Email.Test44@example.com",
          "first_name": "fName-44",
          "last_name": "lName-44",
          "position": "manager"
        },
        {
          "email": "Email.Test45@example.com",
          "first_name": "fName-45",
          "last_name": "lName-45",
          "position": "manager"
        },
        {
          "email": "Email.Test46@example.com",
          "first_name": "fName-46",
          "last_name": "lName-46",
          "position": "manager"
        },
        {
          "email": "Email.Test47@example.com",
          "first_name": "fName-47",
          "last_name": "lName-47",
          "position": "manager"
        },
        {
          "email": "Email.Test48@example.com",
          "first_name": "fName-48",
          "last_name": "lName-48",
          "position": "manager"
        },
        {
          "email": "Email.Test49@example.com",
          "first_name": "fName-49",
          "last_name": "lName-49",
          "position": "manager"
        },
        {
          "email": "Email.Test50@example.com",
          "first_name": "fName-50",
          "last_name": "lName-50",
          "position": "manager"
        },
        {
          "email": "Email.Test51@example.com",
          "first_name": "fName-51",
          "last_name": "lName-51",
          "position": "manager"
        },
        {
          "email": "Email.Test52@example.com",
          "first_name": "fName-52",
          "last_name": "lName-52",
          "position": "manager"
        },
        {
          "email": "Email.Test53@example.com",
          "first_name": "fName-53",
          "last_name": "lName-53",
          "position": "manager"
        },
        {
          "email": "Email.Test54@example.com",
          "first_name": "fName-54",
          "last_name": "lName-54",
          "position": "manager"
        },
        {
          "email": "Email.Test55@example.com",
          "first_name": "fName-55",
          "last_name": "lName-55",
          "position": "manager"
        },
        {
          "email": "Email.Test56@example.com",
          "first_name": "fName-56",
          "last_name": "lName-56",
          "position": "manager"
        },
        {
          "email": "Email.Test57@example.com",
          "first_name": "fName-57",
          "last_name": "lName-57",
          "position": "manager"
        },
        {
          "email": "Email.Test58@example.com",
          "first_name": "fName-58",
          "last_name": "lName-58",
          "position": "manager"
        },
        {
          "email": "Email.Test59@example.com",
          "first_name": "fName-59",
          "last_name": "lName-59",
          "position": "manager"
        },
        {
          "email": "Email.Test60@example.com",
          "first_name": "fName-60",
          "last_name": "lName-60",
          "position": "manager"
        },
        {
          "email": "Email.Test61@example.com",
          "first_name": "fName-61",
          "last_name": "lName-61",
          "position": "manager"
        },
        {
          "email": "Email.Test62@example.com",
          "first_name": "fName-62",
          "last_name": "lName-62",
          "position": "manager"
        },
        {
          "email": "Email.Test63@example.com",
          "first_name": "fName-63",
          "last_name": "lName-63",
          "position": "manager"
        },
        {
          "email": "Email.Test64@example.com",
          "first_name": "fName-64",
          "last_name": "lName-64",
          "position": "manager"
        },
        {
          "email": "Email.Test65@example.com",
          "first_name": "fName-65",
          "last_name": "lName-65",
          "position": "manager"
        },
        {
          "email": "Email.Test66@example.com",
          "first_name": "fName-66",
          "last_name": "lName-66",
          "position": "manager"
        },
        {
          "email": "Email.Test67@example.com",
          "first_name": "fName-67",
          "last_name": "lName-67",
          "position": "manager"
        },
        {
          "email": "Email.Test68@example.com",
          "first_name": "fName-68",
          "last_name": "lName-68",
          "position": "manager"
        },
        {
          "email": "Email.Test69@example.com",
          "first_name": "fName-69",
          "last_name": "lName-69",
          "position": "manager"
        },
        {
          "email": "Email.Test70@example.com",
          "first_name": "fName-70",
          "last_name": "lName-70",
          "position": "manager"
        },
        {
          "email": "Email.Test71@example.com",
          "first_name": "fName-71",
          "last_name": "lName-71",
          "position": "manager"
        },
        {
          "email": "Email.Test72@example.com",
          "first_name": "fName-72",
          "last_name": "lName-72",
          "position": "manager"
        },
        {
          "email": "Email.Test73@example.com",
          "first_name": "fName-73",
          "last_name": "lName-73",
          "position": "manager"
        },
        {
          "email": "Email.Test74@example.com",
          "first_name": "fName-74",
          "last_name": "lName-74",
          "position": "manager"
        },
        {
          "email": "Email.Test75@example.com",
          "first_name": "fName-75",
          "last_name": "lName-75",
          "position": "manager"
        },
        {
          "email": "Email.Test76@example.com",
          "first_name": "fName-76",
          "last_name": "lName-76",
          "position": "manager"
        },
        {
          "email": "Email.Test77@example.com",
          "first_name": "fName-77",
          "last_name": "lName-77",
          "position": "manager"
        },
        {
          "email": "Email.Test78@example.com",
          "first_name": "fName-78",
          "last_name": "lName-78",
          "position": "manager"
        },
        {
          "email": "Email.Test79@example.com",
          "first_name": "fName-79",
          "last_name": "lName-79",
          "position": "manager"
        },
        {
          "email": "Email.Test80@example.com",
          "first_name": "fName-80",
          "last_name": "lName-80",
          "position": "manager"
        },
        {
          "email": "Email.Test81@example.com",
          "first_name": "fName-81",
          "last_name": "lName-81",
          "position": "manager"
        },
        {
          "email": "Email.Test82@example.com",
          "first_name": "fName-82",
          "last_name": "lName-82",
          "position": "manager"
        },
        {
          "email": "Email.Test83@example.com",
          "first_name": "fName-83",
          "last_name": "lName-83",
          "position": "manager"
        },
        {
          "email": "Email.Test84@example.com",
          "first_name": "fName-84",
          "last_name": "lName-84",
          "position": "manager"
        },
        {
          "email": "Email.Test85@example.com",
          "first_name": "fName-85",
          "last_name": "lName-85",
          "position": "manager"
        },
        {
          "email": "Email.Test86@example.com",
          "first_name": "fName-86",
          "last_name": "lName-86",
          "position": "manager"
        },
        {
          "email": "Email.Test87@example.com",
          "first_name": "fName-87",
          "last_name": "lName-87",
          "position": "manager"
        },
        {
          "email": "Email.Test88@example.com",
          "first_name": "fName-88",
          "last_name": "lName-88",
          "position": "manager"
        },
        {
          "email": "Email.Test89@example.com",
          "first_name": "fName-89",
          "last_name": "lName-89",
          "position": "manager"
        },
        {
          "email": "Email.Test90@example.com",
          "first_name": "fName-90",
          "last_name": "lName-90",
          "position": "manager"
        },
        {
          "email": "Email.Test91@example.com",
          "first_name": "fName-91",
          "last_name": "lName-91",
          "position": "manager"
        },
        {
          "email": "Email.Test92@example.com",
          "first_name": "fName-92",
          "last_name": "lName-92",
          "position": "manager"
        },
        {
          "email": "Email.Test93@example.com",
          "first_name": "fName-93",
          "last_name": "lName-93",
          "position": "manager"
        },
        {
          "email": "Email.Test94@example.com",
          "first_name": "fName-94",
          "last_name": "lName-94",
          "position": "manager"
        },
        {
          "email": "Email.Test95@example.com",
          "first_name": "fName-95",
          "last_name": "lName-95",
          "position": "manager"
        },
        {
          "email": "Email.Test96@example.com",
          "first_name": "fName-96",
          "last_name": "lName-96",
          "position": "manager"
        },
        {
          "email": "Email.Test97@example.com",
          "first_name": "fName-97",
          "last_name": "lName-97",
          "position": "manager"
        },
        {
          "email": "Email.Test98@example.com",
          "first_name": "fName-98",
          "last_name": "lName-98",
          "position": "manager"
        },
        {
          "email": "Email.Test99@example.com",
          "first_name": "fName-99",
          "last_name": "lName-99",
          "position": "manager"
        }
      ],
      "templates_selected_uuid_list": [],
      "url": "https://google.com"
    }
  ]
}
