[
  {
    "data_source": "{{.URL}}",
    "description": "A URL which is used to navigate to a web page.",
    "tag": "<%URL%>",
    "tag_type": "gophish"
  },
  {
    "data_source": "{{.FirstName}}",
    "description": "The first name of the email recipient.",
    "tag": "<%TARGET_FIRST_NAME%>",
    "tag_type": "gophish"
  },
  {
    "data_source": "{{.LastName}}",
    "description": "The last name of the email recipient.",
    "tag": "<%TARGET_LAST_NAME%>",
    "tag_type": "gophish"
  },
  {
    "data_source": "{{.FirstName}} {{.LastName}}",
    "description": "The full name (first and last) of the email recipient.",
    "tag": "<%TARGET_FULL_NAME%>",
    "tag_type": "gophish"
  },
  {
    "data_source": "{{.Email}}",
    "description": "The email address of the recipient.",
    "tag": "<%TARGET_EMAIL%>",
    "tag_type": "gophish"
  },
  {
    "data_source": "{{.Position}}",
    "description": "The recipient's job role/position in the organization.",
    "tag": "<%TARGET_POSITION%>",
    "tag_type": "gophish"
  },
  {
    "data_source": "{{.From}}",
    "description": "The name of the spoofed sender.",
    "tag": "<%FROM%>",
    "tag_type": "gophish"
  },
  {
    "data_source": "customer_info['name']",
    "description": "The name of the customer organization.",
    "tag": "<%CUSTOMER_NAME%>",
    "tag_type": "con-pca-eval"
  },
  {
    "data_source": "customer_spoof_email(customer_info)",
    "description": "A spoofed internal email address that appears to come from the customer organization.",
    "tag": "<%CUSTOMER_EMAIL%>",
    "tag_type": "con-pca-eval"
  },
  {
    "data_source": "get_full_customer_address(customer_info)",
    "description": "The customer organization's full address including the building number, street name, suite/building, city, state, and zip code.",
    "tag": "<%CUSTOMER_ADDRESS_FULL%>",
    "tag_type": "con-pca-eval"
  },
  {
    "data_source": "customer_info['address_1']",
    "description": "The customer organization's primary address information.",
    "tag": "<%CUSTOMER_ADDRESS_1%>",
    "tag_type": "con-pca-eval"
  },
  {
    "data_source": "customer_info['address_2']",
    "description": "The customer organization's secondary address information such as unit or suite.",
    "tag": "<%CUSTOMER_ADDRESS_2%>",
    "tag_type": "con-pca-eval"
  },
  {
    "data_source": "customer_info['state']",
    "description": "The state where the customer organization is located.",
    "tag": "<%CUSTOMER_STATE%>",
    "tag_type": "con-pca-eval"
  },
  {
    "data_source": "customer_info['city']",
    "description": "The city where the customer organization is located.",
    "tag": "<%CUSTOMER_CITY%>",
    "tag_type": "con-pca-eval"
  },
  {
    "data_source": "customer_info['zip_code']",
    "description": "The zip code corresponding to the customer organization location.",
    "tag": "<%CUSTOMER_ZIPCODE%>",
    "tag_type": "con-pca-eval"
  },
  {
    "data_source": "current_season()",
    "description": "The time of year. This includes summer (June, July, and August), fall (September, October, and November), winter (December, January, and February), and spring (March, April, and May).",
    "tag": "<%CURRENT_SEASON%>",
    "tag_type": "con-pca-eval"
  },
  {
    "data_source": "today.strftime('%B %d, %Y')",
    "description": "The current date written out in full (i.e. March 4th, 2020).",
    "tag": "<%CURRENT_DATE_LONG%>",
    "tag_type": "con-pca-eval"
  },
  {
    "data_source": "today.strftime('%m/%d/%y')",
    "description": "The current date written out in a shortened format (i.e. 12/27/19).",
    "tag": "<%CURRENT_DATE_SHORT%>",
    "tag_type": "con-pca-eval"
  },
  {
    "data_source": "today.strftime('%m')",
    "description": "The number corresponding to the current month (1-12 for January-December).",
    "tag": "<%CURRENT_MONTH_NUM%>",
    "tag_type": "con-pca-eval"
  },
  {
    "data_source": "today.strftime('%B')",
    "description": "The name of the current month written out fully.",
    "tag": "<%CURRENT_MONTH_LONG%>",
    "tag_type": "con-pca-eval"
  },
  {
    "data_source": "today.strftime('%b')",
    "description": "The name of the current month written out as an abbreviation (i.e. Jan, Feb, Mar, etc.).",
    "tag": "<%CURRENT_MONTH_SHORT%>",
    "tag_type": "con-pca-eval"
  },
  {
    "data_source": "today.strftime('%Y')",
    "description": "The current year written out in full (i.e. 2020).",
    "tag": "<%CURRENT_YEAR_LONG%>",
    "tag_type": "con-pca-eval"
  },
  {
    "data_source": "today.strftime('%y')",
    "description": "The current year written out in a shortened format (i.e. 19 for 2019).",
    "tag": "<%CURRENT_YEAR_SHORT%>",
    "tag_type": "con-pca-eval"
  },
  {
    "data_source": "today.strftime('%d')",
    "description": "The current day of the week.",
    "tag": "<%CURRENT_DAY%>",
    "tag_type": "con-pca-eval"
  },
  {
    "data_source": "customer_info['identifier']",
    "description": "An abbreviated form of a phrase, such as a company/organization's name (i.e. CISA for Cybersecurity and Infrastructure Security Agency).",
    "tag": "<%ACRONYM%>",
    "tag_type": "con-pca-eval"
  }
]
